sample	OS	_PATIENT	OS_time	TP53	Expr
TCGA-HT-7472-01A	0	TCGA-HT-7472	1	Mut	High
TCGA-HT-A5R9-01A	0	TCGA-HT-A5R9	2	WT	Low
TCGA-HT-8015-01B	0	TCGA-HT-8015	3	WT	High
TCGA-HT-7467-01A	0	TCGA-HT-7467	3	WT	Low
TCGA-HT-A74O-01A	0	TCGA-HT-A74O	3	Mut	low
TCGA-HT-7691-01A	0	TCGA-HT-7691	3	WT	High
TCGA-HT-A5RB-01A	0	TCGA-HT-A5RB	3	Mut	low
TCGA-HT-7687-01A	0	TCGA-HT-7687	3	WT	Low
TCGA-HT-7690-01A	0	TCGA-HT-7690	3	Mut	High
TCGA-VM-A8CB-01A	0	TCGA-VM-A8CB	3	WT	Low
TCGA-HT-7471-01A	0	TCGA-HT-7471	4	WT	Low
TCGA-HT-A5R5-01A	0	TCGA-HT-A5R5	4	Mut	low
TCGA-HT-7877-01A	0	TCGA-HT-7877	4	WT	Low
TCGA-HT-7676-01A	0	TCGA-HT-7676	5	Mut	High
TCGA-F6-A8O4-01A	0	TCGA-F6-A8O4	6	Mut	low
TCGA-HT-A4DS-01A	0	TCGA-HT-A4DS	7	Mut	High
TCGA-P5-A5EV-01A	0	TCGA-P5-A5EV	7	Mut	High
TCGA-HT-8111-01A	0	TCGA-HT-8111	7	Mut	low
TCGA-HT-7857-01A	0	TCGA-HT-7857	7	WT	High
TCGA-P5-A72U-01A	0	TCGA-P5-A72U	7	WT	High
TCGA-HT-7616-01A	1	TCGA-HT-7616	7	WT	Low
TCGA-F6-A8O3-01A	0	TCGA-F6-A8O3	7	WT	Low
TCGA-CS-5394-01A	0	TCGA-CS-5394	8	WT	Low
TCGA-HT-7875-01A	0	TCGA-HT-7875	10	WT	Low
TCGA-HT-8107-01A	0	TCGA-HT-8107	14	WT	High
TCGA-HT-7860-01A	0	TCGA-HT-7860	15	WT	High
TCGA-DU-A7TJ-01A	0	TCGA-DU-A7TJ	17	WT	High
TCGA-HT-7680-01A	0	TCGA-HT-7680	23	WT	High
TCGA-E1-A7YU-01A	1	TCGA-E1-A7YU	23	Mut	low
TCGA-DU-6400-01A	1	TCGA-DU-6400	37	WT	Low
TCGA-P5-A5F6-01A	0	TCGA-P5-A5F6	39	WT	High
TCGA-HT-8010-01A	0	TCGA-HT-8010	50	WT	Low
TCGA-HT-A616-01A	0	TCGA-HT-A616	55	WT	High
TCGA-QH-A6X9-01A	0	TCGA-QH-A6X9	58	Mut	High
TCGA-S9-A7J2-01A	0	TCGA-S9-A7J2	62	WT	Low
TCGA-TQ-A7RI-01A	0	TCGA-TQ-A7RI	62	WT	Low
TCGA-RY-A843-01A	0	TCGA-RY-A843	63	WT	High
TCGA-P5-A5EZ-01A	0	TCGA-P5-A5EZ	70	Mut	High
TCGA-P5-A780-01A	0	TCGA-P5-A780	72	Mut	High
TCGA-P5-A5EY-01A	0	TCGA-P5-A5EY	72	WT	High
TCGA-DU-6542-01A	1	TCGA-DU-6542	73	Mut	High
TCGA-HT-A74H-01A	0	TCGA-HT-A74H	74	WT	High
TCGA-HT-8108-01A	0	TCGA-HT-8108	76	Mut	High
TCGA-QH-A65S-01A	0	TCGA-QH-A65S	77	Mut	High
TCGA-HT-A614-01A	0	TCGA-HT-A614	82	Mut	High
TCGA-DU-7309-01A	0	TCGA-DU-7309	84	Mut	low
TCGA-HT-7692-01A	0	TCGA-HT-7692	90	WT	Low
TCGA-HT-7607-01A	1	TCGA-HT-7607	96	WT	High
TCGA-P5-A77X-01A	0	TCGA-P5-A77X	105	WT	Low
TCGA-E1-A7YI-01A	1	TCGA-E1-A7YI	111	Mut	High
TCGA-HT-7879-01A	0	TCGA-HT-7879	112	Mut	low
TCGA-HT-7882-01A	1	TCGA-HT-7882	113	WT	High
TCGA-HT-7474-01A	0	TCGA-HT-7474	114	Mut	low
TCGA-HT-7485-01A	0	TCGA-HT-7485	122	Mut	low
TCGA-P5-A781-01A	0	TCGA-P5-A781	134	WT	Low
TCGA-HT-7605-01A	0	TCGA-HT-7605	139	WT	Low
TCGA-HT-7601-01A	0	TCGA-HT-7601	153	Mut	low
TCGA-DU-8158-01A	1	TCGA-DU-8158	155	WT	High
TCGA-HT-A5RC-01A	1	TCGA-HT-A5RC	162	WT	High
TCGA-HT-7880-01A	0	TCGA-HT-7880	162	Mut	low
TCGA-RY-A83Y-01A	0	TCGA-RY-A83Y	166	WT	Low
TCGA-HT-8109-01A	0	TCGA-HT-8109	169	WT	Low
TCGA-FG-A87Q-01A	0	TCGA-FG-A87Q	174	WT	Low
TCGA-S9-A6UA-01A	1	TCGA-S9-A6UA	178	WT	High
TCGA-P5-A5F1-01A	0	TCGA-P5-A5F1	179	Mut	low
TCGA-DB-A64Q-01A	0	TCGA-DB-A64Q	182	WT	Low
TCGA-HT-7684-01A	0	TCGA-HT-7684	184	WT	High
TCGA-HT-8105-01A	0	TCGA-HT-8105	190	Mut	low
TCGA-HT-7478-01A	0	TCGA-HT-7478	194	Mut	low
TCGA-HT-A61A-01A	0	TCGA-HT-A61A	194	WT	High
TCGA-CS-5397-01A	1	TCGA-CS-5397	194	WT	High
TCGA-HT-7476-01A	0	TCGA-HT-7476	199	Mut	High
TCGA-DU-7012-01A	1	TCGA-DU-7012	199	WT	High
TCGA-HT-7468-01A	0	TCGA-HT-7468	203	WT	Low
TCGA-P5-A5EW-01A	0	TCGA-P5-A5EW	204	Mut	High
TCGA-DU-5852-01A	1	TCGA-DU-5852	205	WT	High
TCGA-DU-5855-01A	0	TCGA-DU-5855	207	Mut	High
TCGA-HT-7694-01A	0	TCGA-HT-7694	210	WT	High
TCGA-DU-6402-01A	1	TCGA-DU-6402	214	WT	High
TCGA-DU-A7TD-01A	1	TCGA-DU-A7TD	228	WT	High
TCGA-P5-A736-01A	0	TCGA-P5-A736	230	Mut	low
TCGA-P5-A5F4-01A	0	TCGA-P5-A5F4	231	Mut	low
TCGA-CS-4941-01A	1	TCGA-CS-4941	234	WT	High
TCGA-VM-A8CD-01A	1	TCGA-VM-A8CD	240	WT	High
TCGA-S9-A7IS-01A	1	TCGA-S9-A7IS	241	WT	High
TCGA-P5-A5F2-01A	0	TCGA-P5-A5F2	242	Mut	low
TCGA-DU-6410-01A	0	TCGA-DU-6410	242	WT	High
TCGA-DU-7292-01A	1	TCGA-DU-7292	242	WT	High
TCGA-P5-A5EX-01A	0	TCGA-P5-A5EX	243	WT	Low
TCGA-VW-A8FI-01A	1	TCGA-VW-A8FI	245	Mut	low
TCGA-S9-A7J1-01A	0	TCGA-S9-A7J1	249	WT	Low
TCGA-DU-5854-01A	0	TCGA-DU-5854	257	WT	High
TCGA-DU-7013-01A	1	TCGA-DU-7013	269	Mut	low
TCGA-P5-A731-01A	0	TCGA-P5-A731	274	WT	High
TCGA-QH-A6CZ-01A	0	TCGA-QH-A6CZ	279	Mut	low
TCGA-HT-8012-01A	0	TCGA-HT-8012	286	WT	Low
TCGA-P5-A5F0-01A	0	TCGA-P5-A5F0	287	WT	Low
TCGA-P5-A735-01A	0	TCGA-P5-A735	292	Mut	High
TCGA-RY-A83Z-01A	0	TCGA-RY-A83Z	301	Mut	High
TCGA-QH-A6X3-01A	0	TCGA-QH-A6X3	313	Mut	High
TCGA-DU-7290-01A	1	TCGA-DU-7290	315	WT	High
TCGA-S9-A7R2-01A	1	TCGA-S9-A7R2	316	WT	High
TCGA-P5-A72W-01A	0	TCGA-P5-A72W	317	Mut	High
TCGA-HT-A74J-01A	0	TCGA-HT-A74J	320	Mut	low
TCGA-FG-A4MU-01B	0	TCGA-FG-A4MU	326	WT	High
TCGA-FG-A70Z-01A	0	TCGA-FG-A70Z	328	WT	High
TCGA-P5-A730-01A	0	TCGA-P5-A730	333	WT	Low
TCGA-HT-A74L-01A	0	TCGA-HT-A74L	336	WT	Low
TCGA-QH-A86X-01A	0	TCGA-QH-A86X	337	WT	Low
TCGA-DB-A75L-01A	0	TCGA-DB-A75L	342	Mut	low
TCGA-HT-7884-01B	0	TCGA-HT-7884	343	Mut	low
TCGA-DU-A76K-01A	1	TCGA-DU-A76K	347	WT	Low
TCGA-DU-7006-01A	1	TCGA-DU-7006	349	WT	High
TCGA-HT-7469-01A	1	TCGA-HT-7469	351	Mut	High
TCGA-P5-A72Z-01A	0	TCGA-P5-A72Z	354	WT	Low
TCGA-DU-6403-01A	1	TCGA-DU-6403	354	WT	High
TCGA-DB-A75K-01A	0	TCGA-DB-A75K	368	WT	Low
TCGA-HT-8104-01A	0	TCGA-HT-8104	372	WT	High
TCGA-P5-A737-01A	0	TCGA-P5-A737	372	WT	Low
TCGA-QH-A6CX-01A	1	TCGA-QH-A6CX	372	WT	High
TCGA-E1-A7YK-01A	1	TCGA-E1-A7YK	378	Mut	low
TCGA-QH-A65V-01A	0	TCGA-QH-A65V	384	WT	Low
TCGA-HW-A5KK-01A	1	TCGA-HW-A5KK	388	WT	High
TCGA-QH-A870-01A	0	TCGA-QH-A870	395	Mut	low
TCGA-E1-A7Z2-01A	1	TCGA-E1-A7Z2	398	WT	High
TCGA-P5-A72X-01A	0	TCGA-P5-A72X	403	Mut	low
TCGA-WH-A86K-01A	0	TCGA-WH-A86K	405	Mut	High
TCGA-DU-5853-01A	0	TCGA-DU-5853	407	Mut	low
TCGA-QH-A6CY-01A	0	TCGA-QH-A6CY	408	WT	Low
TCGA-VM-A8CA-01A	0	TCGA-VM-A8CA	411	WT	Low
TCGA-QH-A6CW-01A	0	TCGA-QH-A6CW	414	Mut	low
TCGA-P5-A733-01A	0	TCGA-P5-A733	414	Mut	low
TCGA-FG-8182-01A	0	TCGA-FG-8182	416	Mut	High
TCGA-DH-A7UU-01A	0	TCGA-DH-A7UU	417	Mut	High
TCGA-HT-8558-01A	0	TCGA-HT-8558	418	WT	High
TCGA-HT-8110-01A	0	TCGA-HT-8110	419	WT	High
TCGA-QH-A65Z-01A	0	TCGA-QH-A65Z	427	WT	Low
TCGA-S9-A6WQ-01A	0	TCGA-S9-A6WQ	428	Mut	low
TCGA-DU-8168-01A	0	TCGA-DU-8168	431	WT	Low
TCGA-FG-8185-01A	0	TCGA-FG-8185	433	Mut	low
TCGA-HT-7620-01A	0	TCGA-HT-7620	434	WT	Low
TCGA-E1-A7YD-01A	1	TCGA-E1-A7YD	435	Mut	High
TCGA-DB-A64W-01A	1	TCGA-DB-A64W	438	WT	High
TCGA-KT-A74X-01A	0	TCGA-KT-A74X	438	WT	Low
TCGA-KT-A7W1-01A	0	TCGA-KT-A7W1	438	WT	High
TCGA-QH-A6CV-01A	0	TCGA-QH-A6CV	442	WT	High
TCGA-HT-7695-01A	0	TCGA-HT-7695	442	WT	Low
TCGA-QH-A6X4-01A	0	TCGA-QH-A6X4	442	WT	Low
TCGA-DU-5849-01A	0	TCGA-DU-5849	443	WT	High
TCGA-DU-8162-01A	1	TCGA-DU-8162	444	WT	High
TCGA-FG-A60J-01A	0	TCGA-FG-A60J	449	Mut	low
TCGA-QH-A6CU-01A	0	TCGA-QH-A6CU	451	WT	Low
TCGA-TM-A84S-01A	0	TCGA-TM-A84S	454	WT	Low
TCGA-FG-6689-01A	0	TCGA-FG-6689	454	Mut	High
TCGA-HT-7689-01A	0	TCGA-HT-7689	455	Mut	low
TCGA-FG-8188-01A	0	TCGA-FG-8188	455	Mut	low
TCGA-DU-7010-01A	1	TCGA-DU-7010	456	Mut	High
TCGA-FG-A6IZ-01A	0	TCGA-FG-A6IZ	457	WT	Low
TCGA-S9-A7QW-01A	0	TCGA-S9-A7QW	458	Mut	low
TCGA-DU-5874-01A	0	TCGA-DU-5874	461	WT	Low
TCGA-QH-A65R-01A	0	TCGA-QH-A65R	461	WT	Low
TCGA-E1-A7YS-01A	1	TCGA-E1-A7YS	466	WT	Low
TCGA-FG-7634-01A	0	TCGA-FG-7634	467	WT	Low
TCGA-HT-A74K-01A	0	TCGA-HT-A74K	467	WT	Low
TCGA-DU-8167-01A	0	TCGA-DU-8167	471	Mut	High
TCGA-HT-8564-01A	0	TCGA-HT-8564	478	Mut	low
TCGA-QH-A65X-01A	0	TCGA-QH-A65X	482	WT	Low
TCGA-TQ-A7RH-01A	0	TCGA-TQ-A7RH	486	Mut	low
TCGA-VV-A86M-01A	0	TCGA-VV-A86M	487	Mut	High
TCGA-FG-8186-01A	0	TCGA-FG-8186	487	WT	Low
TCGA-HT-A617-01A	0	TCGA-HT-A617	491	WT	High
TCGA-DB-A75P-01A	0	TCGA-DB-A75P	492	WT	High
TCGA-E1-A7YL-01A	1	TCGA-E1-A7YL	492	Mut	low
TCGA-TM-A84C-01A	1	TCGA-TM-A84C	492	WT	High
TCGA-HT-7677-01A	0	TCGA-HT-7677	494	WT	Low
TCGA-HT-8011-01A	0	TCGA-HT-8011	494	WT	High
TCGA-QH-A6X5-01A	0	TCGA-QH-A6X5	497	WT	Low
TCGA-FG-A6J1-01A	0	TCGA-FG-A6J1	500	WT	Low
TCGA-QH-A6XA-01A	0	TCGA-QH-A6XA	502	Mut	low
TCGA-HT-7473-01A	0	TCGA-HT-7473	503	Mut	low
TCGA-QH-A6XC-01A	0	TCGA-QH-A6XC	508	WT	High
TCGA-QH-A6X8-01A	0	TCGA-QH-A6X8	509	WT	Low
TCGA-DU-6406-01A	1	TCGA-DU-6406	512	WT	High
TCGA-HT-A618-01A	0	TCGA-HT-A618	512	Mut	low
TCGA-HT-A615-01A	0	TCGA-HT-A615	515	WT	High
TCGA-DU-8166-01A	0	TCGA-DU-8166	516	Mut	High
TCGA-DU-A76O-01A	0	TCGA-DU-A76O	522	Mut	low
TCGA-DH-A66F-01A	0	TCGA-DH-A66F	523	WT	Low
TCGA-DH-A66G-01A	0	TCGA-DH-A66G	523	Mut	low
TCGA-HT-7606-01A	0	TCGA-HT-7606	526	Mut	High
TCGA-HT-7475-01A	0	TCGA-HT-7475	530	Mut	High
TCGA-DH-A7UT-01A	1	TCGA-DH-A7UT	531	Mut	low
TCGA-DU-5872-02A	0	TCGA-DU-5872	532	WT	High
TCGA-DU-5872-01A	0	TCGA-DU-5872	532	Mut	low
TCGA-HT-A61B-01A	0	TCGA-HT-A61B	533	Mut	High
TCGA-HT-7693-01A	0	TCGA-HT-7693	533	Mut	low
TCGA-HT-A61C-01A	1	TCGA-HT-A61C	537	WT	High
TCGA-CS-6186-01A	1	TCGA-CS-6186	538	WT	High
TCGA-FG-A60K-01A	0	TCGA-FG-A60K	542	WT	Low
TCGA-DB-A75M-01A	0	TCGA-DB-A75M	544	Mut	low
TCGA-FG-7636-01A	0	TCGA-FG-7636	544	Mut	High
TCGA-DU-A7T6-01A	1	TCGA-DU-A7T6	547	WT	High
TCGA-DU-5847-01A	0	TCGA-DU-5847	548	WT	High
TCGA-FG-A4MW-01A	1	TCGA-FG-A4MW	559	WT	High
TCGA-FG-6692-01A	1	TCGA-FG-6692	561	WT	High
TCGA-DB-A64X-01A	0	TCGA-DB-A64X	563	Mut	High
TCGA-S9-A7QX-01A	0	TCGA-S9-A7QX	564	Mut	High
TCGA-S9-A6WO-01A	0	TCGA-S9-A6WO	566	Mut	High
TCGA-DH-A7UV-01A	0	TCGA-DH-A7UV	566	Mut	low
TCGA-TM-A84R-01A	0	TCGA-TM-A84R	566	WT	High
TCGA-FG-A87N-01A	0	TCGA-FG-A87N	567	WT	High
TCGA-S9-A6WP-01A	0	TCGA-S9-A6WP	567	WT	Low
TCGA-FG-A4MX-01A	0	TCGA-FG-A4MX	569	Mut	low
TCGA-S9-A89V-01A	0	TCGA-S9-A89V	569	WT	High
TCGA-S9-A6TV-01A	0	TCGA-S9-A6TV	571	Mut	High
TCGA-FG-6688-01A	0	TCGA-FG-6688	571	WT	High
TCGA-DB-A4XA-01A	0	TCGA-DB-A4XA	573	WT	Low
TCGA-DU-5871-01A	0	TCGA-DU-5871	576	Mut	High
TCGA-DU-7298-01A	1	TCGA-DU-7298	576	Mut	High
TCGA-IK-7675-01A	1	TCGA-IK-7675	578	Mut	High
TCGA-DU-8165-01A	0	TCGA-DU-8165	582	Mut	High
TCGA-P5-A77W-01A	0	TCGA-P5-A77W	584	WT	High
TCGA-HT-7855-01A	0	TCGA-HT-7855	585	Mut	High
TCGA-QH-A6CS-01A	0	TCGA-QH-A6CS	588	WT	High
TCGA-E1-A7YJ-01A	1	TCGA-E1-A7YJ	592	WT	High
TCGA-RY-A845-01A	0	TCGA-RY-A845	596	Mut	low
TCGA-TQ-A7RG-01A	0	TCGA-TQ-A7RG	599	WT	Low
TCGA-S9-A6WM-01A	0	TCGA-S9-A6WM	604	WT	High
TCGA-DU-6405-01A	1	TCGA-DU-6405	605	WT	High
TCGA-DH-5140-01A	1	TCGA-DH-5140	607	Mut	High
TCGA-S9-A7IZ-01A	0	TCGA-S9-A7IZ	608	Mut	low
TCGA-S9-A7J0-01A	0	TCGA-S9-A7J0	609	Mut	High
TCGA-VM-A8CF-01A	0	TCGA-VM-A8CF	609	Mut	low
TCGA-FG-8187-01A	0	TCGA-FG-8187	611	WT	Low
TCGA-FG-7643-01A	0	TCGA-FG-7643	611	WT	High
TCGA-HT-A5R7-01A	0	TCGA-HT-A5R7	615	WT	High
TCGA-FG-A713-01A	0	TCGA-FG-A713	622	WT	Low
TCGA-S9-A89Z-01A	0	TCGA-S9-A89Z	623	Mut	High
TCGA-FG-7641-01B	0	TCGA-FG-7641	627	WT	Low
TCGA-DU-8163-01A	0	TCGA-DU-8163	629	Mut	High
TCGA-S9-A7J3-01A	0	TCGA-S9-A7J3	629	WT	Low
TCGA-HW-A5KM-01A	0	TCGA-HW-A5KM	630	Mut	High
TCGA-WY-A85E-01A	0	TCGA-WY-A85E	633	Mut	High
TCGA-DU-A6S7-01A	0	TCGA-DU-A6S7	638	Mut	low
TCGA-CS-5395-01A	1	TCGA-CS-5395	639	WT	High
TCGA-E1-A7YM-01A	1	TCGA-E1-A7YM	648	WT	High
TCGA-DU-A76R-01A	1	TCGA-DU-A76R	648	WT	Low
TCGA-TQ-A7RF-01A	0	TCGA-TQ-A7RF	650	Mut	low
TCGA-HT-A619-01A	0	TCGA-HT-A619	651	WT	Low
TCGA-DU-8164-01A	0	TCGA-DU-8164	651	WT	Low
TCGA-FG-A60L-01A	0	TCGA-FG-A60L	655	Mut	low
TCGA-DU-A6S3-01A	0	TCGA-DU-A6S3	656	WT	Low
TCGA-HT-7608-01A	0	TCGA-HT-7608	671	WT	Low
TCGA-FG-A6J3-01A	0	TCGA-FG-A6J3	677	Mut	High
TCGA-DU-A6S8-01A	0	TCGA-DU-A6S8	678	WT	Low
TCGA-DU-6394-01A	1	TCGA-DU-6394	682	WT	Low
TCGA-FG-8189-01B	0	TCGA-FG-8189	685	WT	High
TCGA-FG-7638-01B	0	TCGA-FG-7638	686	WT	Low
TCGA-HT-7603-01A	0	TCGA-HT-7603	705	Mut	High
TCGA-VW-A7QS-01A	0	TCGA-VW-A7QS	706	WT	Low
TCGA-DH-A7US-01A	0	TCGA-DH-A7US	706	WT	Low
TCGA-DU-7304-02A	1	TCGA-DU-7304	709	WT	High
TCGA-DU-7304-01A	1	TCGA-DU-7304	709	Mut	low
TCGA-VM-A8CH-01A	0	TCGA-VM-A8CH	714	WT	High
TCGA-S9-A7IY-01A	0	TCGA-S9-A7IY	715	WT	Low
TCGA-HT-7873-01B	0	TCGA-HT-7873	718	Mut	low
TCGA-FG-A4MY-01A	0	TCGA-FG-A4MY	721	Mut	low
TCGA-DU-8161-01A	1	TCGA-DU-8161	722	WT	High
TCGA-TM-A84T-01A	0	TCGA-TM-A84T	724	Mut	High
TCGA-E1-A7YN-01A	1	TCGA-E1-A7YN	727	WT	High
TCGA-TM-A84J-01A	0	TCGA-TM-A84J	735	Mut	High
TCGA-DB-A64L-01A	0	TCGA-DB-A64L	736	WT	High
TCGA-HT-7477-01B	0	TCGA-HT-7477	738	Mut	High
TCGA-S9-A6U0-01A	1	TCGA-S9-A6U0	742	WT	High
TCGA-DU-A5TT-01A	0	TCGA-DU-A5TT	743	Mut	High
TCGA-DH-5144-01A	0	TCGA-DH-5144	748	WT	High
TCGA-TM-A84M-01A	0	TCGA-TM-A84M	754	Mut	low
TCGA-TM-A84B-01A	1	TCGA-TM-A84B	758	WT	High
TCGA-HW-8322-01A	0	TCGA-HW-8322	758	WT	Low
TCGA-DU-A5TW-01A	0	TCGA-DU-A5TW	760	Mut	low
TCGA-TM-A84Q-01A	0	TCGA-TM-A84Q	772	Mut	High
TCGA-FG-5963-01A	1	TCGA-FG-5963	775	Mut	High
TCGA-FG-5963-02A	1	TCGA-FG-5963	775	WT	High
TCGA-DB-A64O-01A	1	TCGA-DB-A64O	775	WT	High
TCGA-DU-A6S2-01A	0	TCGA-DU-A6S2	777	WT	Low
TCGA-S9-A6U1-01A	0	TCGA-S9-A6U1	785	WT	High
TCGA-TQ-A7RR-01A	0	TCGA-TQ-A7RR	787	Mut	low
TCGA-DU-7301-01A	1	TCGA-DU-7301	788	Mut	High
TCGA-TQ-A7RQ-01A	0	TCGA-TQ-A7RQ	795	WT	Low
TCGA-DU-A5TU-01A	0	TCGA-DU-A5TU	796	Mut	High
TCGA-DU-7019-01A	0	TCGA-DU-7019	800	Mut	High
TCGA-S9-A6WN-01A	0	TCGA-S9-A6WN	805	WT	Low
TCGA-DU-A76L-01A	1	TCGA-DU-A76L	814	WT	High
TCGA-CS-6188-01A	1	TCGA-CS-6188	814	WT	High
TCGA-S9-A7IX-01A	1	TCGA-S9-A7IX	819	WT	High
TCGA-TQ-A7RW-01A	1	TCGA-TQ-A7RW	821	Mut	low
TCGA-S9-A7QZ-01A	0	TCGA-S9-A7QZ	826	Mut	low
TCGA-HT-A5RA-01A	0	TCGA-HT-A5RA	832	WT	High
TCGA-DB-A64S-01A	0	TCGA-DB-A64S	835	Mut	low
TCGA-FN-7833-01A	0	TCGA-FN-7833	837	Mut	low
TCGA-DB-A64U-01A	0	TCGA-DB-A64U	846	WT	Low
TCGA-DH-A66D-01A	0	TCGA-DH-A66D	846	Mut	High
TCGA-TM-A84I-01A	0	TCGA-TM-A84I	854	Mut	High
TCGA-RY-A840-01A	0	TCGA-RY-A840	854	WT	Low
TCGA-HT-8563-01A	0	TCGA-HT-8563	860	Mut	low
TCGA-FG-8181-01A	0	TCGA-FG-8181	862	WT	High
TCGA-S9-A7QY-01A	0	TCGA-S9-A7QY	863	WT	Low
TCGA-FG-A70Y-01A	0	TCGA-FG-A70Y	868	Mut	low
TCGA-HW-A5KL-01A	0	TCGA-HW-A5KL	878	Mut	High
TCGA-E1-A7YE-01A	1	TCGA-E1-A7YE	886	Mut	High
TCGA-DB-A64V-01A	0	TCGA-DB-A64V	889	WT	Low
TCGA-HT-8113-01A	0	TCGA-HT-8113	900	WT	High
TCGA-HT-7602-01A	0	TCGA-HT-7602	908	Mut	low
TCGA-DU-A5TR-01A	0	TCGA-DU-A5TR	908	Mut	low
TCGA-S9-A6U2-01A	0	TCGA-S9-A6U2	908	WT	Low
TCGA-S9-A7R4-01A	0	TCGA-S9-A7R4	914	Mut	High
TCGA-TQ-A7RP-01A	0	TCGA-TQ-A7RP	914	WT	High
TCGA-DB-A64P-01A	0	TCGA-DB-A64P	916	WT	Low
TCGA-DB-A4XB-01A	0	TCGA-DB-A4XB	919	Mut	High
TCGA-DH-A669-02A	1	TCGA-DH-A669	919	WT	High
TCGA-DH-A669-01A	1	TCGA-DH-A669	919	WT	High
TCGA-TM-A84H-01A	0	TCGA-TM-A84H	926	Mut	low
TCGA-DU-7018-01A	1	TCGA-DU-7018	933	WT	Low
TCGA-RY-A847-01A	0	TCGA-RY-A847	933	WT	Low
TCGA-DB-A75O-01A	0	TCGA-DB-A75O	935	Mut	low
TCGA-RY-A83X-01A	0	TCGA-RY-A83X	939	WT	Low
TCGA-S9-A6WL-01A	0	TCGA-S9-A6WL	946	WT	Low
TCGA-TQ-A7RO-01A	0	TCGA-TQ-A7RO	949	WT	Low
TCGA-TQ-A8XE-02A	1	TCGA-TQ-A8XE	954	WT	High
TCGA-TQ-A8XE-01A	1	TCGA-TQ-A8XE	954	Mut	High
TCGA-DB-A64R-01A	0	TCGA-DB-A64R	955	WT	Low
TCGA-HT-7902-01A	0	TCGA-HT-7902	956	Mut	low
TCGA-S9-A7R8-01A	1	TCGA-S9-A7R8	961	Mut	low
TCGA-HW-A5KJ-01A	1	TCGA-HW-A5KJ	962	WT	High
TCGA-DB-A4XH-01A	0	TCGA-DB-A4XH	962	WT	Low
TCGA-DU-A5TS-01A	0	TCGA-DU-A5TS	964	WT	High
TCGA-HT-7688-01A	0	TCGA-HT-7688	964	Mut	High
TCGA-DH-5141-01A	0	TCGA-DH-5141	968	WT	Low
TCGA-E1-A7Z6-01A	1	TCGA-E1-A7Z6	984	Mut	low
TCGA-E1-A7YV-01A	1	TCGA-E1-A7YV	987	Mut	High
TCGA-FG-8191-01A	0	TCGA-FG-8191	992	Mut	low
TCGA-S9-A6U5-01A	0	TCGA-S9-A6U5	992	WT	Low
TCGA-R8-A6MO-01A	0	TCGA-R8-A6MO	993	WT	Low
TCGA-HT-8019-01A	0	TCGA-HT-8019	1004	WT	High
TCGA-TM-A84O-01A	1	TCGA-TM-A84O	1011	WT	Low
TCGA-DU-A5TP-01A	0	TCGA-DU-A5TP	1012	Mut	High
TCGA-DB-A4XF-01A	0	TCGA-DB-A4XF	1021	Mut	low
TCGA-TQ-A7RN-01A	0	TCGA-TQ-A7RN	1026	Mut	low
TCGA-DU-A5TY-01A	1	TCGA-DU-A5TY	1033	WT	High
TCGA-HT-8114-01A	0	TCGA-HT-8114	1040	Mut	low
TCGA-TM-A7CA-01A	0	TCGA-TM-A7CA	1058	Mut	High
TCGA-S9-A6U6-01A	0	TCGA-S9-A6U6	1069	Mut	low
TCGA-S9-A6TY-01A	0	TCGA-S9-A6TY	1076	WT	Low
TCGA-HW-7495-01A	0	TCGA-HW-7495	1078	WT	Low
TCGA-HT-7881-01A	0	TCGA-HT-7881	1079	WT	High
TCGA-S9-A7IQ-01A	0	TCGA-S9-A7IQ	1099	WT	High
TCGA-CS-4943-01A	1	TCGA-CS-4943	1106	Mut	High
TCGA-DB-5280-01A	0	TCGA-DB-5280	1112	Mut	low
TCGA-FG-A710-01A	0	TCGA-FG-A710	1115	WT	Low
TCGA-TQ-A7RM-01A	0	TCGA-TQ-A7RM	1116	Mut	High
TCGA-E1-A7YW-01A	1	TCGA-E1-A7YW	1120	Mut	low
TCGA-S9-A6TZ-01A	0	TCGA-S9-A6TZ	1120	Mut	low
TCGA-FG-5965-02B	1	TCGA-FG-5965	1120	WT	High
TCGA-FG-5965-02A	1	TCGA-FG-5965	1120	WT	High
TCGA-VV-A829-01A	0	TCGA-VV-A829	1127	WT	Low
TCGA-HT-7874-01A	0	TCGA-HT-7874	1130	WT	High
TCGA-CS-6290-01A	1	TCGA-CS-6290	1137	Mut	low
TCGA-DU-A7TC-01A	0	TCGA-DU-A7TC	1137	Mut	High
TCGA-DB-A4XE-01A	0	TCGA-DB-A4XE	1139	Mut	low
TCGA-WY-A85D-01A	0	TCGA-WY-A85D	1147	Mut	High
TCGA-HT-8018-01A	1	TCGA-HT-8018	1152	Mut	low
TCGA-FG-A4MT-01A	0	TCGA-FG-A4MT	1164	Mut	High
TCGA-FG-A4MT-02A	0	TCGA-FG-A4MT	1164	WT	High
TCGA-S9-A6WH-01A	0	TCGA-S9-A6WH	1173	WT	Low
TCGA-DU-A7TI-01A	1	TCGA-DU-A7TI	1183	WT	High
TCGA-HT-7856-01A	0	TCGA-HT-7856	1189	WT	High
TCGA-VM-A8CE-01A	0	TCGA-VM-A8CE	1191	WT	Low
TCGA-EZ-7264-01A	0	TCGA-EZ-7264	1201	WT	Low
TCGA-HT-7854-01A	0	TCGA-HT-7854	1201	WT	High
TCGA-HW-8319-01A	1	TCGA-HW-8319	1209	Mut	low
TCGA-DB-A4XD-01A	0	TCGA-DB-A4XD	1210	Mut	High
TCGA-WY-A859-01A	0	TCGA-WY-A859	1213	Mut	low
TCGA-HW-8320-01A	0	TCGA-HW-8320	1217	Mut	High
TCGA-FG-7637-01A	0	TCGA-FG-7637	1219	WT	Low
TCGA-HT-7470-01A	1	TCGA-HT-7470	1220	Mut	High
TCGA-CS-5393-01A	0	TCGA-CS-5393	1222	Mut	High
TCGA-HT-7479-01A	0	TCGA-HT-7479	1227	Mut	low
TCGA-TQ-A7RJ-01A	0	TCGA-TQ-A7RJ	1229	Mut	low
TCGA-TM-A84G-01A	0	TCGA-TM-A84G	1236	WT	Low
TCGA-TM-A84L-01A	1	TCGA-TM-A84L	1242	Mut	low
TCGA-S9-A6TX-01A	0	TCGA-S9-A6TX	1245	WT	Low
TCGA-S9-A6TW-01A	0	TCGA-S9-A6TW	1250	WT	Low
TCGA-E1-5304-01A	1	TCGA-E1-5304	1251	Mut	High
TCGA-FG-6691-01A	0	TCGA-FG-6691	1257	Mut	High
TCGA-HW-7489-01A	1	TCGA-HW-7489	1262	Mut	low
TCGA-DU-7306-01A	0	TCGA-DU-7306	1277	Mut	low
TCGA-DH-A66B-01A	0	TCGA-DH-A66B	1279	Mut	High
TCGA-HW-8321-01A	0	TCGA-HW-8321	1294	Mut	low
TCGA-FG-6690-01A	0	TCGA-FG-6690	1294	Mut	High
TCGA-HT-7686-01A	0	TCGA-HT-7686	1300	Mut	High
TCGA-IK-8125-01A	0	TCGA-IK-8125	1301	WT	Low
TCGA-VM-A8C9-01A	0	TCGA-VM-A8C9	1314	WT	High
TCGA-WY-A85A-01A	0	TCGA-WY-A85A	1320	Mut	low
TCGA-CS-4942-01A	1	TCGA-CS-4942	1335	Mut	High
TCGA-WY-A858-01A	0	TCGA-WY-A858	1337	Mut	High
TCGA-DU-7299-01A	1	TCGA-DU-7299	1339	Mut	low
TCGA-TQ-A7RK-01A	0	TCGA-TQ-A7RK	1341	Mut	High
TCGA-TQ-A7RK-02B	0	TCGA-TQ-A7RK	1341	WT	High
TCGA-TQ-A7RK-02A	0	TCGA-TQ-A7RK	1341	WT	High
TCGA-DU-A7TG-01A	1	TCGA-DU-A7TG	1351	WT	High
TCGA-DB-5279-01A	0	TCGA-DB-5279	1354	WT	Low
TCGA-HT-7681-01A	0	TCGA-HT-7681	1359	WT	High
TCGA-HW-7487-01A	0	TCGA-HW-7487	1382	WT	Low
TCGA-HW-7490-01A	0	TCGA-HW-7490	1387	Mut	low
TCGA-WY-A85B-01A	0	TCGA-WY-A85B	1393	Mut	High
TCGA-VM-A8C8-01A	0	TCGA-VM-A8C8	1397	Mut	low
TCGA-HT-7609-01A	0	TCGA-HT-7609	1399	Mut	High
TCGA-DH-5143-01A	0	TCGA-DH-5143	1401	Mut	High
TCGA-DU-6397-02A	1	TCGA-DU-6397	1401	WT	High
TCGA-DU-6397-01A	1	TCGA-DU-6397	1401	WT	Low
TCGA-DB-A4X9-01A	0	TCGA-DB-A4X9	1412	WT	High
TCGA-DB-A4XC-01A	0	TCGA-DB-A4XC	1421	Mut	low
TCGA-CS-6670-01A	0	TCGA-CS-6670	1426	WT	Low
TCGA-WY-A85C-01A	0	TCGA-WY-A85C	1426	Mut	High
TCGA-CS-6666-01A	0	TCGA-CS-6666	1428	Mut	High
TCGA-FG-5962-01B	0	TCGA-FG-5962	1453	WT	Low
TCGA-DB-5275-01A	0	TCGA-DB-5275	1458	Mut	High
TCGA-CS-6667-01A	0	TCGA-CS-6667	1469	Mut	low
TCGA-TM-A7C4-01A	0	TCGA-TM-A7C4	1470	Mut	low
TCGA-FG-A711-01A	1	TCGA-FG-A711	1481	Mut	High
TCGA-DU-6395-01A	1	TCGA-DU-6395	1491	Mut	low
TCGA-CS-6669-01A	0	TCGA-CS-6669	1494	WT	High
TCGA-TM-A7C5-01A	0	TCGA-TM-A7C5	1500	WT	Low
TCGA-CS-6668-01A	0	TCGA-CS-6668	1519	WT	Low
TCGA-E1-5302-01A	1	TCGA-E1-5302	1525	Mut	High
TCGA-HT-7858-01A	0	TCGA-HT-7858	1540	Mut	High
TCGA-DB-5277-01A	1	TCGA-DB-5277	1547	Mut	High
TCGA-W9-A837-01A	0	TCGA-W9-A837	1553	WT	Low
TCGA-DU-A7TB-01A	0	TCGA-DU-A7TB	1567	WT	High
TCGA-E1-A7YQ-01A	1	TCGA-E1-A7YQ	1578	WT	High
TCGA-DU-6393-01A	1	TCGA-DU-6393	1585	WT	Low
TCGA-FG-5964-01A	0	TCGA-FG-5964	1588	WT	Low
TCGA-CS-5396-01A	0	TCGA-CS-5396	1631	Mut	low
TCGA-DH-A7UR-01A	0	TCGA-DH-A7UR	1650	WT	High
TCGA-TM-A7C3-01A	1	TCGA-TM-A7C3	1666	WT	High
TCGA-HT-7610-01A	0	TCGA-HT-7610	1706	Mut	low
TCGA-HW-7486-01A	0	TCGA-HW-7486	1721	WT	High
TCGA-HT-7611-01A	0	TCGA-HT-7611	1752	Mut	low
TCGA-E1-5307-01A	1	TCGA-E1-5307	1762	Mut	High
TCGA-TM-A84F-01A	0	TCGA-TM-A84F	1796	Mut	low
TCGA-R8-A73M-01A	0	TCGA-R8-A73M	1806	WT	Low
TCGA-CS-4944-01A	0	TCGA-CS-4944	1828	WT	High
TCGA-DU-7302-01A	0	TCGA-DU-7302	1834	WT	High
TCGA-TQ-A7RV-02A	0	TCGA-TQ-A7RV	1868	WT	Low
TCGA-TQ-A7RV-01A	0	TCGA-TQ-A7RV	1868	Mut	low
TCGA-DU-7300-01A	1	TCGA-DU-7300	1886	Mut	low
TCGA-S9-A6TS-01A	1	TCGA-S9-A6TS	1891	Mut	High
TCGA-DU-7007-01A	1	TCGA-DU-7007	1915	Mut	High
TCGA-HT-8013-01A	1	TCGA-HT-8013	1933	Mut	High
TCGA-DH-5142-01A	0	TCGA-DH-5142	1943	Mut	High
TCGA-TM-A7CF-01A	0	TCGA-TM-A7CF	1989	Mut	low
TCGA-TM-A7CF-02A	0	TCGA-TM-A7CF	1989	WT	High
TCGA-DU-6399-01A	1	TCGA-DU-6399	2000	Mut	High
TCGA-E1-5303-01A	1	TCGA-E1-5303	2052	Mut	low
TCGA-HW-7491-01A	0	TCGA-HW-7491	2078	WT	Low
TCGA-HW-7493-01A	0	TCGA-HW-7493	2107	WT	High
TCGA-DB-A4XG-01A	0	TCGA-DB-A4XG	2219	WT	Low
TCGA-E1-A7Z3-01A	1	TCGA-E1-A7Z3	2235	Mut	low
TCGA-E1-A7YO-01A	1	TCGA-E1-A7YO	2282	WT	Low
TCGA-DU-6396-01A	1	TCGA-DU-6396	2286	Mut	High
TCGA-HT-7480-01A	0	TCGA-HT-7480	2287	WT	Low
TCGA-S9-A6WD-01A	0	TCGA-S9-A6WD	2289	WT	Low
TCGA-DB-5274-01A	0	TCGA-DB-5274	2289	WT	High
TCGA-E1-5318-01A	1	TCGA-E1-5318	2379	WT	High
TCGA-DB-5281-01A	0	TCGA-DB-5281	2381	Mut	High
TCGA-E1-5305-01A	1	TCGA-E1-5305	2433	Mut	High
TCGA-DB-5273-01A	0	TCGA-DB-5273	2493	Mut	High
TCGA-DU-A7TA-01A	0	TCGA-DU-A7TA	2565	Mut	low
TCGA-S9-A6WI-01A	0	TCGA-S9-A6WI	2585	WT	High
TCGA-S9-A6WG-01A	0	TCGA-S9-A6WG	2602	Mut	low
TCGA-S9-A6TU-01A	0	TCGA-S9-A6TU	2650	Mut	low
TCGA-DU-6401-01A	1	TCGA-DU-6401	2660	Mut	High
TCGA-R8-A6MK-01A	0	TCGA-R8-A6MK	2702	WT	Low
TCGA-DU-7015-01A	0	TCGA-DU-7015	2761	Mut	High
TCGA-DB-5278-01A	0	TCGA-DB-5278	2772	WT	Low
TCGA-E1-A7YH-01A	1	TCGA-E1-A7YH	2835	Mut	low
TCGA-R8-A6ML-01A	0	TCGA-R8-A6ML	2860	WT	Low
TCGA-DU-7294-01A	0	TCGA-DU-7294	2869	WT	Low
TCGA-DU-6407-01A	1	TCGA-DU-6407	2875	Mut	High
TCGA-DU-6407-02B	1	TCGA-DU-6407	2875	WT	High
TCGA-DU-6407-02A	1	TCGA-DU-6407	2875	WT	High
TCGA-DU-A6S6-01A	0	TCGA-DU-A6S6	2893	WT	Low
TCGA-E1-5319-01A	1	TCGA-E1-5319	2907	WT	Low
TCGA-HT-7481-01A	0	TCGA-HT-7481	2918	WT	High
TCGA-S9-A6U9-01A	0	TCGA-S9-A6U9	2918	Mut	low
TCGA-S9-A6U8-01A	1	TCGA-S9-A6U8	2988	Mut	low
TCGA-S9-A7R7-01A	0	TCGA-S9-A7R7	3000	Mut	low
TCGA-S9-A7R3-01A	0	TCGA-S9-A7R3	3013	Mut	low
TCGA-DU-7011-01A	1	TCGA-DU-7011	3200	Mut	low
TCGA-HT-7482-01A	0	TCGA-HT-7482	3253	Mut	High
TCGA-DU-6408-01A	1	TCGA-DU-6408	3470	Mut	High
TCGA-DU-7014-01A	1	TCGA-DU-7014	3571	WT	High
TCGA-CS-4938-01B	0	TCGA-CS-4938	3574	Mut	High
TCGA-HT-7604-01A	0	TCGA-HT-7604	3725	Mut	High
TCGA-DB-5270-01A	0	TCGA-DB-5270	3733	Mut	High
TCGA-S9-A6UB-01A	0	TCGA-S9-A6UB	3761	WT	Low
TCGA-E1-5322-01A	1	TCGA-E1-5322	3978	Mut	High
TCGA-DU-6404-02A	1	TCGA-DU-6404	4068	WT	High
TCGA-DU-6404-01A	1	TCGA-DU-6404	4068	WT	High
TCGA-DU-6404-02B	1	TCGA-DU-6404	4068	WT	High
TCGA-E1-5311-01A	1	TCGA-E1-5311	4084	WT	Low
TCGA-S9-A6WE-01A	0	TCGA-S9-A6WE	4113	WT	Low
TCGA-DU-A7T8-01A	1	TCGA-DU-A7T8	4229	Mut	High
TCGA-E1-A7Z4-01A	1	TCGA-E1-A7Z4	4412	Mut	low
TCGA-E1-A7YY-01A	1	TCGA-E1-A7YY	4445	WT	High
TCGA-DU-7009-01A	1	TCGA-DU-7009	4695	WT	Low
TCGA-DU-7008-01A	0	TCGA-DU-7008	4752	Mut	High
TCGA-S9-A7R1-01A	1	TCGA-S9-A7R1	5166	WT	Low
TCGA-HT-7483-01A	0	TCGA-HT-7483	5255	Mut	High
TCGA-DU-5870-02A	0	TCGA-DU-5870	5546	WT	Low
TCGA-DU-5870-01A	0	TCGA-DU-5870	5546	WT	Low
TCGA-DU-6392-01A	0	TCGA-DU-6392	6423	Mut	High
TCGA-19-2624-01A	1	TCGA-19-2624	5	WT	Low
TCGA-41-4097-01A	1	TCGA-41-4097	6	WT	Low
TCGA-06-2569-01A	0	TCGA-06-2569	13	Mut	High
TCGA-06-0219-01A	1	TCGA-06-0219	22	WT	High
TCGA-41-2571-01A	1	TCGA-41-2571	26	WT	High
TCGA-06-0750-01A	1	TCGA-06-0750	28	WT	High
TCGA-14-0781-01B	1	TCGA-14-0781	29	WT	Low
TCGA-06-2557-01A	1	TCGA-06-2557	33	WT	High
TCGA-32-1980-01A	1	TCGA-32-1980	36	WT	Low
TCGA-28-1753-01A	0	TCGA-28-1753	37	Mut	low
TCGA-26-5139-01A	0	TCGA-26-5139	48	WT	High
TCGA-06-0649-01B	1	TCGA-06-0649	64	WT	Low
TCGA-14-0787-01A	1	TCGA-14-0787	68	WT	Low
TCGA-02-0055-01A	1	TCGA-02-0055	76	Mut	low
TCGA-28-1747-01C	1	TCGA-28-1747	77	WT	Low
TCGA-06-0747-01A	1	TCGA-06-0747	82	WT	Low
TCGA-06-0749-01A	1	TCGA-06-0749	82	WT	Low
TCGA-06-5418-01A	1	TCGA-06-5418	83	WT	Low
TCGA-27-2526-01A	1	TCGA-27-2526	87	WT	High
TCGA-76-4928-01B	1	TCGA-76-4928	94	WT	High
TCGA-28-2499-01A	1	TCGA-28-2499	95	WT	Low
TCGA-06-0157-01A	1	TCGA-06-0157	97	WT	High
TCGA-06-0174-01A	1	TCGA-06-0174	98	WT	High
TCGA-12-5299-01A	1	TCGA-12-5299	98	WT	High
TCGA-06-5410-01A	1	TCGA-06-5410	108	WT	Low
TCGA-76-4929-01A	1	TCGA-76-4929	111	Mut	High
TCGA-06-5856-01A	1	TCGA-06-5856	114	WT	High
TCGA-16-0846-01A	1	TCGA-16-0846	119	Mut	low
TCGA-19-2625-01A	1	TCGA-19-2625	124	Mut	High
TCGA-06-2567-01A	1	TCGA-06-2567	133	Mut	low
TCGA-06-5412-01A	1	TCGA-06-5412	138	WT	High
TCGA-76-4926-01B	1	TCGA-76-4926	138	WT	Low
TCGA-06-5859-01A	0	TCGA-06-5859	139	WT	High
TCGA-19-1389-02A	1	TCGA-19-1389	141	WT	High
TCGA-32-1982-01A	1	TCGA-32-1982	142	WT	Low
TCGA-28-2509-01A	0	TCGA-28-2509	145	Mut	High
TCGA-76-4925-01A	1	TCGA-76-4925	146	Mut	High
TCGA-19-2620-01A	1	TCGA-19-2620	148	WT	Low
TCGA-06-2559-01A	1	TCGA-06-2559	150	Mut	low
TCGA-27-1830-01A	1	TCGA-27-1830	154	Mut	low
TCGA-06-5417-01A	0	TCGA-06-5417	155	Mut	High
TCGA-28-5218-01A	1	TCGA-28-5218	157	WT	High
TCGA-28-2514-01A	0	TCGA-28-2514	160	WT	Low
TCGA-14-0817-01A	1	TCGA-14-0817	164	Mut	High
TCGA-26-5134-01A	0	TCGA-26-5134	167	WT	High
TCGA-06-0646-01A	1	TCGA-06-0646	175	WT	Low
TCGA-06-0645-01A	1	TCGA-06-0645	175	WT	Low
TCGA-06-0156-01A	1	TCGA-06-0156	178	WT	Low
TCGA-06-2564-01A	0	TCGA-06-2564	181	WT	Low
TCGA-06-5858-01A	0	TCGA-06-5858	187	Mut	low
TCGA-06-5416-01A	0	TCGA-06-5416	204	Mut	High
TCGA-19-4065-02A	0	TCGA-19-4065	214	WT	Low
TCGA-19-4065-01A	0	TCGA-19-4065	214	Mut	High
TCGA-14-1829-01A	0	TCGA-14-1829	218	WT	High
TCGA-06-0878-01A	0	TCGA-06-0878	218	WT	High
TCGA-28-2513-01A	0	TCGA-28-2513	222	WT	Low
TCGA-32-2616-01A	1	TCGA-32-2616	224	Mut	low
TCGA-06-0210-01B	1	TCGA-06-0210	225	Mut	High
TCGA-06-0210-02A	1	TCGA-06-0210	225	WT	High
TCGA-06-0210-01A	1	TCGA-06-0210	225	Mut	High
TCGA-27-2524-01A	1	TCGA-27-2524	231	WT	High
TCGA-14-1825-01A	1	TCGA-14-1825	232	Mut	low
TCGA-06-0745-01A	1	TCGA-06-0745	239	WT	Low
TCGA-06-5411-01A	1	TCGA-06-5411	254	WT	Low
TCGA-06-5413-01A	0	TCGA-06-5413	268	WT	High
TCGA-32-2632-01A	1	TCGA-32-2632	269	WT	High
TCGA-26-5135-01A	1	TCGA-26-5135	270	WT	Low
TCGA-06-5414-01A	0	TCGA-06-5414	273	WT	Low
TCGA-76-4931-01A	1	TCGA-76-4931	279	WT	High
TCGA-26-5132-01A	0	TCGA-26-5132	286	WT	High
TCGA-19-2619-01A	0	TCGA-19-2619	294	WT	Low
TCGA-27-1832-01A	1	TCGA-27-1832	300	WT	Low
TCGA-06-0141-01A	1	TCGA-06-0141	313	WT	High
TCGA-06-0190-01A	1	TCGA-06-0190	317	Mut	High
TCGA-06-0190-02A	1	TCGA-06-0190	317	WT	High
TCGA-12-0821-01A	1	TCGA-12-0821	323	WT	High
TCGA-06-0158-01A	1	TCGA-06-0158	329	WT	Low
TCGA-12-3650-01A	1	TCGA-12-3650	333	WT	High
TCGA-28-5215-01A	1	TCGA-28-5215	335	Mut	low
TCGA-14-0789-01A	1	TCGA-14-0789	342	WT	Low
TCGA-28-5207-01A	1	TCGA-28-5207	343	Mut	low
TCGA-06-5408-01A	1	TCGA-06-5408	357	Mut	High
TCGA-41-3915-01A	1	TCGA-41-3915	360	WT	Low
TCGA-06-0211-02A	1	TCGA-06-0211	360	WT	High
TCGA-06-0211-01A	1	TCGA-06-0211	360	WT	High
TCGA-06-0211-01B	1	TCGA-06-0211	360	WT	High
TCGA-06-0139-01B	1	TCGA-06-0139	362	WT	Low
TCGA-06-0139-01A	1	TCGA-06-0139	362	WT	Low
TCGA-06-0152-02A	1	TCGA-06-0152	375	WT	Low
TCGA-06-2558-01A	1	TCGA-06-2558	380	Mut	low
TCGA-06-2562-01A	1	TCGA-06-2562	382	WT	Low
TCGA-06-0644-01A	1	TCGA-06-0644	384	Mut	High
TCGA-19-1787-01B	1	TCGA-19-1787	385	Mut	High
TCGA-28-5220-01A	1	TCGA-28-5220	388	WT	High
TCGA-06-0130-01A	1	TCGA-06-0130	394	Mut	High
TCGA-12-0618-01A	1	TCGA-12-0618	395	Mut	low
TCGA-06-0171-02A	1	TCGA-06-0171	399	WT	Low
TCGA-06-0238-01A	1	TCGA-06-0238	405	Mut	High
TCGA-41-2572-01A	1	TCGA-41-2572	406	WT	Low
TCGA-06-1804-01A	1	TCGA-06-1804	414	WT	Low
TCGA-28-5216-01A	0	TCGA-28-5216	415	Mut	High
TCGA-15-0742-01A	1	TCGA-15-0742	419	WT	High
TCGA-14-0790-01B	1	TCGA-14-0790	419	WT	High
TCGA-27-1837-01A	1	TCGA-27-1837	427	WT	Low
TCGA-06-0686-01A	1	TCGA-06-0686	432	WT	High
TCGA-28-5209-01A	0	TCGA-28-5209	442	WT	High
TCGA-12-3653-01A	1	TCGA-12-3653	442	WT	High
TCGA-12-0616-01A	1	TCGA-12-0616	448	WT	High
TCGA-02-0047-01A	1	TCGA-02-0047	448	WT	Low
TCGA-26-5133-01A	0	TCGA-26-5133	452	Mut	High
TCGA-28-5204-01A	1	TCGA-28-5204	454	WT	High
TCGA-12-5295-01A	1	TCGA-12-5295	454	WT	High
TCGA-19-5960-01A	1	TCGA-19-5960	455	WT	High
TCGA-41-5651-01A	1	TCGA-41-5651	460	Mut	High
TCGA-14-0736-02A	1	TCGA-14-0736	460	WT	Low
TCGA-02-2483-01A	0	TCGA-02-2483	466	Mut	High
TCGA-32-1970-01A	1	TCGA-32-1970	468	Mut	low
TCGA-02-2485-01A	0	TCGA-02-2485	470	Mut	low
TCGA-27-2528-01A	1	TCGA-27-2528	480	WT	High
TCGA-32-2615-01A	1	TCGA-32-2615	485	WT	Low
TCGA-14-1034-02B	1	TCGA-14-1034	485	WT	High
TCGA-14-1034-01A	1	TCGA-14-1034	485	Mut	High
TCGA-27-2523-01A	1	TCGA-27-2523	489	WT	High
TCGA-27-1831-01A	1	TCGA-27-1831	505	WT	High
TCGA-06-2565-01A	1	TCGA-06-2565	506	WT	Low
TCGA-27-2521-01A	1	TCGA-27-2521	510	Mut	High
TCGA-14-2554-01A	1	TCGA-14-2554	532	WT	High
TCGA-76-4927-01A	1	TCGA-76-4927	535	WT	High
TCGA-06-2561-01A	1	TCGA-06-2561	537	WT	Low
TCGA-14-1823-01A	1	TCGA-14-1823	543	WT	High
TCGA-28-5208-01A	1	TCGA-28-5208	544	WT	High
TCGA-08-0386-01A	1	TCGA-08-0386	548	WT	High
TCGA-27-2519-01A	1	TCGA-27-2519	550	Mut	High
TCGA-26-5136-01B	1	TCGA-26-5136	577	Mut	low
TCGA-32-5222-01A	1	TCGA-32-5222	585	WT	High
TCGA-06-0168-01A	1	TCGA-06-0168	598	WT	Low
TCGA-06-0221-02A	1	TCGA-06-0221	603	WT	High
TCGA-32-4213-01A	0	TCGA-32-4213	604	WT	High
TCGA-02-2486-01A	1	TCGA-02-2486	618	WT	Low
TCGA-06-0882-01A	1	TCGA-06-0882	632	WT	Low
TCGA-27-1835-01A	1	TCGA-27-1835	648	Mut	low
TCGA-19-0957-02A	1	TCGA-19-0957	666	WT	High
TCGA-12-1597-01B	1	TCGA-12-1597	675	WT	Low
TCGA-32-2634-01A	0	TCGA-32-2634	693	Mut	low
TCGA-06-0138-01A	1	TCGA-06-0138	737	WT	Low
TCGA-19-2629-01A	1	TCGA-19-2629	737	Mut	High
TCGA-32-2638-01A	1	TCGA-32-2638	766	WT	Low
TCGA-06-0132-01A	1	TCGA-06-0132	771	WT	Low
TCGA-19-1390-01A	1	TCGA-19-1390	772	Mut	low
TCGA-06-0743-01A	1	TCGA-06-0743	803	Mut	low
TCGA-06-0187-01A	1	TCGA-06-0187	828	WT	High
TCGA-14-0871-01A	1	TCGA-14-0871	880	Mut	High
TCGA-16-1045-01B	1	TCGA-16-1045	883	WT	Low
TCGA-06-2563-01A	0	TCGA-06-2563	932	Mut	low
TCGA-28-5213-01A	1	TCGA-28-5213	951	WT	Low
TCGA-26-1442-01A	0	TCGA-26-1442	953	Mut	low
TCGA-06-2570-01A	0	TCGA-06-2570	958	Mut	low
TCGA-14-1402-02A	1	TCGA-14-1402	975	WT	High
TCGA-06-0129-01A	1	TCGA-06-0129	1024	Mut	low
TCGA-12-0619-01A	1	TCGA-12-0619	1062	Mut	High
TCGA-12-3652-01A	1	TCGA-12-3652	1062	WT	Low
TCGA-27-1834-01A	1	TCGA-27-1834	1233	WT	Low
TCGA-06-0744-01A	1	TCGA-06-0744	1426	Mut	low
TCGA-06-0125-02A	1	TCGA-06-0125	1448	WT	Low
TCGA-76-4932-01A	1	TCGA-76-4932	1458	WT	Low
TCGA-15-1444-01A	1	TCGA-15-1444	1537	WT	Low
TCGA-06-0184-01A	1	TCGA-06-0184	2126	Mut	low
TCGA-06-0178-01A	1	TCGA-06-0178	2681	WT	High
